1998,02/17 0400,02/17 1000,02/17 2100,ns,ns,0,7,Y,...,2W,30,400,420,12,2H,-100,602,02/14 0655
1998,11/13 0143,11/13 0200,11/14 1200,ns,ns,0,-6,Y,N,3,50,390,400,17,2H,-131,520,11/09 1818
1999,04/20 1600,04/21 0400,04/22 1400,0,10,8,0,Y,...,1,120,490,620,8,2H,-29,...,04/18 0830?
1999,11/13 1200,11/13 2000,11/15 0000,nc,nc,4,-15,N,...,3W,50 S,440,480,7,2H,-106,dg,dg
2000,07/11 1123(A),07/11 2200,07/13 0300,0,0,0,0,Y,Y,1,30 S,520,540,10,2H,-26,..., 
2000,07/13 0942,07/13 1300,07/14 1500,...,...,0,-15,Y,N,3,200 S,610,670,7,2H,-43,940,07/11 1327 H
2000,08/10 0501,08/10 1900,08/11 2100,0,nc,0,-13,Y,...,1,50 S,430,480,12,2H,-106,510,08/06 1830?
2001,03/03 1121,03/04 0400,03/05 0200,12,0,12,0,N,...,2,50 S,440,520,8,2H,-73,610,02/28 1450
2001,03/27 0110(A),03/27 2000,03/28 1700,0,0,0,-12,Y,...,2,80 S,610,650,12,2H,-87,..., 
2001,10/02 1200,10/02 1400,10/03 1600,0,8,11,0,Y,...,2,30,500,530,12,2H,-166,..., 
2002,02/28 0451,02/28 1700,03/02 0000,0,16,0,-14,Y,N,2,80 S,390,410,11,2H,-71,..., 
2003,01/26 0000,01/27 0100,01/28 1400,-4,7,0,-23,Y,...,2,60,500,720,9,2H,-20,..., 
2003,10/29 0611,10/29 1100,10/30 0300,0,nc,0,0,Y,Y,2,900 S,1300,1900,32,2H,-353,2185,10/28 1130 H
1998,03/04 1156,03/04 1300,03/06 0900,0,-9,0,-3,N,...,1,30 S,350,380,12,2,-36,440,02/28 1248
1998,05/01 2156,05/02 0500,05/04 0200,-2,-24,7,-9,Y,Y,1,150 S,520,650,11,2,-85,780,04/29 1658 H
1998,06/02 0800,06/02 1000,06/02 1800,...,...,0,0,N,...,2,10,390,400,9,2,-1,..., 
1998,06/24 1000,06/24 1600,06/25 2300,0,0,0,0,Y,...,2,80,450,540,12,2,-25,...,06/21 0535?
1998,08/19 1847,08/20 0600,08/21 2000,0,0,4,0,Y,Y,1,50 S,320,340,13,2,-67,dg,dg
1998,09/24 2345,09/25 0600,09/26 1600,-2,4,4,-3,Y,Y,1,300 S,640,820,13,2,-207,1020,dg (09/23 0700)
1998,10/18 1952,10/19 0400,10/20 0700,0,0,0,-17,Y,Y,1,50 S,390,430,18,2,-112,510,10/15 1004 H
1998,11/08 0451,11/09 0100,11/11 0100,8,17,0,-24,Y,...,2,200 S,450,640,12,2,-149,740,11/05 2044 H
1999,02/18 0246,02/18 1000,02/20 1700,0,0,4,-29,Y,...,2,250 S,540,680,9,2,-123,870,dg (02/16 0312)
1999,04/16 1125,04/16 1800,04/17 1900,-6,8,2,2,Y,...,1,50 S,410,460,18,2,-91,520,04/13 0330 H
1999,08/08 1841,08/08 2000,08/10 1700,0,0,25,0,Y,Y,2,20 S,360,410,9,2,-47,..., 
1999,09/21 1200,09/21 1200,09/22 1200,-3,-4,9,-7,Y,N,3,0,360,380,9,2,-41,..., 
2000,02/11 2352,02/12 1200,02/13 0000,-3,0,5,0,Y,N,2,180 S,540,590,13,2,-133,915,02/10 0230 H
2000,02/20 2139,02/21 0500,02/22 1200,0,0,5,0,Y,...,2,120 S,380,460,15,2,-26,560,02/17 2006 H
2000,06/23 1303,06/24 0000,06/26 0800,0,nc,3,-12,Y,Y,1,120 S,500,590,10,2,-34,..., 
2000,07/01 0100,07/01 0900,07/03 1700,9,4,0,-38,N,N,2,20,390,440,7,2,-11,..., 
2000,07/14 1532,07/14 1700,07/15 1400,0,0,14,0,Y,N,2,150 S,780,800,9,2,-57,965,07/12 2030?
2000,07/15 1437,07/15 1900,07/17 0800,0,28,2,-22,Y,N,2,350 S,740,1040,20,2,-301,1500,07/14 1054 H
2000,07/28 0634,07/28 1200,07/30 1300,2,30,9,-27,Y,...,2,70 S,440,480,9,2,-71,550,07/25 0330 H
2000,08/11 1845,08/12 0500,08/13 2200,-3,0,0,-17,Y,Y,1,120 S,580,670,18,2,-235,830,08/09 1630 H
2000,09/17 1657(A),09/17 2100,09/21 0000,0,12,5,-54,Y,N,2,250 S,600,840,10,2,-201,...,09/15/16 (p)
2000,10/03 0054,10/03 1000,10/05 0300,0,3,7,-13,Y,Y,1,60 S,400,460,14,2,-143,..., 
2000,10/12 2228,10/13 1600,10/14 1700,-4,3,2,0,Y,...,1,120 S,400,460,12,2,-107,590,10/09 2350 H
2000,10/28 0954,10/28 2100,10/29 2200,-9,12,0,0,Y,Y,1,50 S,380,420,14,2,-127,565,10/25 0826 H
2000,11/06 0948,11/06 1700,11/08 0300,0,0,5,-9,Y,...,2,110 S,510,610,20,2,-159,660,11/3 1826 H
2001,03/19 1114,03/19 1700,03/22 0000,0,12,6,15,Y,Y,1,100 S,360,490,15,2,-149,520,03/16 0350
2001,04/04 1455,04/04 1800,04/05 1200,0,6,0,-4,Y,N,2,90 S,650,780,9,2,-50,1020,04/02 2206
2001,04/11 1343,04/11 2200,04/13 0700,0,0,10,-13,Y,Y,2,230 S,640,740,14,2,-271,1290,04/10 0530 H
2001,04/21 1601,04/21 2300,04/23 0300,ns,ns,0,-2,N,N,1,50 S,350,390,11,2,-102,..., 
2001,04/28 0501,04/28 1400,05/01 0200,0,32,12,-37,N,Y,2,400 S,550,730,8,2,-47,1040,04/26 1230 H
2001,05/27 1459,05/28 0300,05/31 1400,8,0,9,-52,N,N,2,100 S,420,590,7,2,-42,..., 
2001,07/08 1200,07/09 0200,07/11 0400,0,-12,39,29,Y,...,2,30,400,460,5,2,-38,520,07/05 0354
2001,10/31 1348,10/31 2000,11/02 1200,ns,ns,0,-2,Y,...,2,60 S,330,390,11,2,-106,..., 
2001,11/24 0656,11/24 1400,11/25 2000,0,-6,0,-6,Y,...,2,550 S,720,1040,14,2,-221,1320,11/22 2330 H
2002,03/18 1322,03/19 0500,03/20 1600,0,0,18,0,Y,N,2,160 S,380,470,15,2,-37,667,03/15 2306
2002,03/23 1137,03/24 1200,03/25 2000,0,4,0,2,Y,...,2,70 S,450,500,15,2,-100,625,03/20 1706?
2002,04/17 1107,04/17 1600,04/19 1500,0,0,11,-13,Y,...,1,150 S,480,610,14,2,-127,750,04/15 0350 H
2002,04/19 0835,04/20 0000,04/21 1800,0,-6,12,0,Y,...,1,200 S,500,640,8,2,-149,863,04/17 0826 H
2002,05/23 1050,05/23 2000,05/25 1800,...,...,3,-25,Y,...,2,400 S,590,920,11,2,-109,1323,05/22 0326 H
2002,08/01 0510,08/01 0900,08/01 2300,2,5,3,0,N,...,2,70 S,450,460,12,2,-51,..., 
2002,08/01 2309,08/02 0600,08/04 0200,0,0,3,-29,Y,...,2,60 S,460,520,10,2,-102,500,07/29 1207
2002,09/30 0815,09/30 2000,10/01 1500,0,12,2,-2,Y,...,2,70 S,390,410,23,2,-176,..., 
2003,03/20 0440,03/20 1200,03/20 2200,0,0,0,0,Y,...,1,100 S,650,810,11,2,-64,..., 
2003,06/16 1800,06/17 1000,06/18 0800,0,0,8,0,N,...,3,80,480,540,10,2,-141,650,06/14 0154
2003,08/17 1421,08/18 0100,08/19 1500,0,18,10,-10,Y,...,1,80 S,450,530,18,2,-148,630,08/14 2006 H?
2003,11/20 0803,11/20 1000,11/21 0800,0,8,0,-6,Y,N,2,240 S,580,700,28,2,-422,886,11/18 0850 H
2004,04/03 0900(A),04/03 1400,04/05 1800,0,0,12,-3,Y,N,1,40 S,440,520,15,2,-117,560,dg (03/31 1036)
2004,07/22 1036,07/22 1800,07/24 0800,0,...,-3,-35,Y,...,2,90 S,560,670,11,2,-99,920,07/20 1331 H
2004,07/24 0613,07/24 1400,07/25 1500,...,nc,0,0,Y,N,2,90 S,560,610,20,2,-136,890,07/22 0731
2004,07/26 2249,07/27 0200,07/27 2200,0,10,0,-10,Y,...,1,300 S,870,1000,16,2,-170,1302,07/25 1454 H
2004,08/29 0909(W),08/29 1900,08/30 2200,ns,10,0,0,N,...,1,40 S,390,440,12,2,-129,..., 
2004,11/07 1827,11/07 2200,11/09 1000,0,nc,4,-17,Y,Y,1,140 S,630,720,18,2,-374,720,11/04 2330
2004,11/09 1825(W),11/09 2000,11/11 2300,0,0,0,-36,SEP,...,1,170 S,640,810,14,2,-263,830,11/07 1654 H
2005,05/15 0238,05/15 0600,05/19 0000,0,0,0,-74,Y,N,2,400 S,630,950,15,2,-247,1270,05/13 1712 H
2005,05/20 0300,05/20 0300,05/22 0200,0,20,4,-21,N,...,2,30,430,480,10,2,-83,488,05/16 1350
2005,06/12 0745,06/12 1500,06/13 1300,0,0,0,-6,N,...,2,80,480,510,14,2,-106,650,06/09 1436
2005,06/14 1835,06/15 0500,06/16 0900,nc,0,0,0,Y,N,2,100 S,480,560,9,2,-34,..., 
2005,07/17 0134,07/17 1400,07/18 2300,ns,ns,0,-19,N,...,2,50 S,420,500,8,2,-67,..., 
2005,10/31 0200,10/31 0200,10/31 1900,ns,ns,0,0,N,...,2,20,360,400,11,2,-74,..., 
2005,12/31 0000,12/31 0400,01/01 1700,0,4,9,-6,Y,...,2,30,480,580,8,2,-30,..., 
2006,02/05 2000,02/05 2000,02/06 1200,ns,3,0,0,N,...,2,30,340,360,10,2,-22,..., 
2006,04/13 1141(S),04/13 1500,04/14 0700,0,0,0,2,Y,...,2,120,520,550,18,2,-98,540,04/10 0606?
2006,08/30 2000,08/30 2000,09/01 0700,...,ns,0,-16,Y,...,3,0,400,440,8,2,-35,440,08/26 2057
2006,09/30 0300,09/30 0800,09/30 2000,ns,ns,0,0,N,...,3,90,400,440,15,2,-21,..., 
2006,11/28 1300,11/29 0500,11/30 1000,0,0,...,...,N,...,3,20,420,500,12,2,-66,..., 
2006,12/14 1414,12/14 2200,12/15 1300,0,7,0,7,Y,...,1,320 S,740,900,13,2,-162,1180,12/13 0254 H
2007,01/14 1248,01/14 1200,01/15 0700,ns,ns,...,...,N,...,1,60,360,380,12,2,-18,..., 
2007,11/19 1811,11/19 2300,11/20 1200,-4,0,0,0,Y,...,1,30,460,480,18,2,-59,437,11/15 1806 H?
2008,12/16 1159,12/17 0300,12/17 1400,ns,ns,...,...,N,...,3,30,350,380,9,2,-15,350,12/12 0854?
2009,02/03 2000,02/04 0000,02/04 1600,0,5,...,...,...,...,2,40,360,380,10,2,-42,..., 
2009,10/29 0500,10/29 0500,10/29 2300,ns,ns,...,...,Y,...,3,20,370,390,11,2,0, , 
2010,02/07 1700,02/07 1800,02/08 2200,...,ns,...,...,Y,...,1,20,370,410,9,2,-22,..., 
2010,04/05 0826,04/05 1200,04/06 1400,0,0,...,...,Y,...,1,200,640,790,9,2,-81,910,04/03 1033 H
2010,04/11 1304,04/12 0100,04/12 1500,0,3,...,...,N,...,1,60,410,460,11,2,-67,520,04/08 0454
2010,05/28 0258,05/28 1900,05/29 1700,0,0,...,...,Y,...,2,60,360,390,14,2,-80,500,05/24 1406
2010,08/03 1741,08/04 1000,08/05 0000,0,0,...,...,Y,...,2,140,530,590,9,2,-74,740,08/01 ~09
2010,12/28 0300,12/28 0300,12/28 1500,ns,ns,...,...,N,...,2,0,350,360,10,2,-43,...,...
2011,02/04 1300,02/04 1300,02/04 2000,0,0,...,...,Y,...,2,20,430,470,15,2,-63,...,...
2011,03/29 1602,03/29 2300,03/31 0400,ns,ns,...,...,Y,...,2,50,360,390,12,2,-4,...,...
2011,05/28 0100,05/28 0500,05/28 2100,...,...,...,...,N,...,1,60,510,540,12,2,-80,...,...
2011,09/09 1242,09/10 0300,09/10 1500,...,...,...,...,Y,...,2,150,470,530,14,2,-75,680,09/06 2305
2011,09/17 0343,09/17 1400,09/18 0600,...,...,...,...,N,...,2,70,430,590,11,2,-72,550,09/14 0000
2011,10/06 1200,10/06 1200,10/06 2300,...,...,...,...,N,...,1,10,370,380,11,2,-22,..., 
2011,10/24 1831,10/24 2200,10/25 1600,...,...,0,0,Y,...,2,150,460,510,21,2,-147,..., 
2011,11/07 1500,11/07 1700,11/07 2300,...,...,0,0,N,...,2,20,330,350,10,2,-5,..., 
2011,11/28 2150,11/29 0000,11/29 0800,...,...,0,0,Y,...,3,100,450,510,15,2,-25,670,11/26 0700 H
2012,01/21 0501,01/21 0600,01/22 0800,...,...,...,...,N,...,2,30,320,330,10,2,-8 P,650,01/18 1224
2012,01/22 0611,01/22 2300,01/23 0700,...,...,...,...,Y,...,3,50,450,460,9,2,-69 P,670,01/19 1512 H
2012,02/26 2139,02/27 1900,02/28 1600,...,...,...,...,Y,...,3,80,440,490,13,2,-48 P,..., 
2012,4/23 0320,04/23 1700,04/24 0500,...,...,...,...,...,...,1,60,370,390,13,2,-108 P,..., 
2012,05/16 1600,05/16 1600,05/17 2200,...,...,...,...,Y,...,2,0,370,390,10,2,-41 P,370,05/12 0000 H
2012,06/16 2019,06/16 2300,06/17 1200,...,...,...,...,Y,...,1,80,440,510,28,2,-71 P,770,06/14 1412 H
2012,07/08 0800,07/09 0000,07/09 1400,...,...,...,...,Y,...,2,20,410,450,12,2,-68 P,480,07/04 1724 H
2012,07/14 1809,07/15 0600,07/17 0500,...,...,...,...,...,...,1,220,490,670,16,2,-127 P,850,07/12 1648 H
2012,09/04 2245,09/05 0600,09/05 1800,...,...,...,...,N,...,2,40,500,540,10,2,-68 P,..., 
2012,09/06 0200,09/06 0200,09/06 1500,...,...,...,...,Y,...,1,0,420,420,10,2,-36 P,..., 
2012,09/30 2305,10/01 0000,10/02 0000,...,...,...,...,Y,...,3,70,370,410,14,2,-119 P,590,09/28 0000 H
2012,10/08 0516,10/08 1800,10/09 1200,...,...,...,...,...,...,1,70,390,420,16,2,-105 P,730,10/05 2012?
2012,10/12 1900,10/12 2200,10/13 1000,...,...,...,...,...,...,2,40,490,530,11,2,-87 P,..., 
2012,10/31 1538,11/01 0000,11/02 0300,...,...,...,...,Y,...,1,70,340,370,11,2,-62 P,440,10/27 1624 H
2012,11/12 2311,11/13 0800,11/14 0300,...,...,...,...,Y,...,1,50,380,460,21,2,-108 P,530,11/09 1512
2012,12/14 0200,12/14 0700,12/14 1700,...,...,...,...,Y,...,3,30,330,330,7,2,-2 P,..., 
2013,01/17 1600,01/17 1600,01/18 1200,...,...,...,...,Y,...,2,0,390,400,12,2,-53 P,..., 
2013,03/17 0559,03/17 1500,03/19 1600,...,...,...,...,N,...,1,230,520,720,9,2,-132 P,890,03/15 0712 H
2013,04/13 2254,04/14 1700,04/15 2300,...,...,...,...,Y,...,2,100,410,520,9,2,-6 P,660,04/11 0724 H
2013,04/30 0949,04/30 1200,05/01 0700,...,...,...,...,Y,...,1,50,400,430,10,2,-43 P, , 
2013,06/06 0255,06/06 1400,06/08 0000,...,...,...,...,Y,...,1,30,430,510,11,2,-73 P, , 
2013,06/27 1438,06/28 0200,06/29 1200,...,...,...,...,Y,...,1,70,390,450,10,2,-98 P, , 
2013,07/05 0100,07/05 0100,07/07 1600,...,...,...,...,Y,...,2,10,350,370,10,2,-77 P, , 
2013,07/12 1714,07/13 0500,07/15 0000,...,...,...,...,Y,...,1,60,430,500,13,2,-73 P,563,07/09 1512 H
2013,10/02 0154,10/02 2300,10/03 2200,...,...,...,...,Y,...,1,220,470,630,7,2,-67 P,800,09/29 2145
2013,11/08 2200,11/08 2200,11/09 0700,...,...,...,...,...,...,3,0,420,460,12,2,-81 P, , 
2013,11/30 2000,12/01 1100,12/02 2300,...,...,...,...,...,...,2,50,450,540,9,2,-21 P, , 
2013,12/15 1300,12/15 1600,12/16 0500,...,...,...,...,...,...,2,30,460,500,7,2,-22 P,510,12/12 0336
2013,12/24 2100,12/25 0500,12/25 1700,...,...,...,...,...,...,2,30,300,330,11,2,-35 P, , 
2014,02/07 1705,02/08 0100,02/09 1200,...,...,...,...,...,...,2,110,420,460,9,2,-36 P,470,02/04 0036
2014,02/15 1316,02/16 0500,02/16 1600,...,...,...,...,...,...,2,100,380,450,15,2,-21 P,530,02/12 0612 H
2014,02/19 0348,02/19 1200,02/20 0300,...,...,...,...,...,...,1,60,520,530,11,2,-116 P,..., 
2014,04/05 1000,04/05 2200,04/07 0500,...,...,...,...,...,...,2,40,380,500,13,2,-9 P,610,04/02 1348 H
2014,04/11 0600,04/11 0600,04/12 2000,...,...,...,...,...,...,3,10,350,380,5,2,-81 P,..., 
2014,04/29 2026,04/29 2000,04/30 2100,...,...,...,...,...,...,3,0,310,320,9,2,-64 P,..., 
2014,08/19 0657,08/19 1600,08/21 0500,...,...,...,...,...,...,1,40,360,440,17,2,-31 P,500,08/15 1812 H
2014,09/12 1553,09/12 2200,09/14 0200,...,...,...,...,...,...,1,230,600,720,20,2,-75 P,920,09/10 1800 H
2014,12/21 1911,12/22 0400,12/22 1700,...,...,...,...,...,...,2,70,380,430,16,2,-51 P,..., 
2015,01/07 0614,01/07 0700,01/07 2000,...,...,...,...,...,...,1,30,450,470,16,2,-99 Q,..., 
2015,03/17 0445,03/17 1300,03/18 0500,...,...,...,...,...,...,1,90,560,620,20,2,-223 P,840,03/15 0236 H
2015,03/28 0000,03/28 1100,03/29 1100,...,...,...,...,...,...,2,10,390,420,13,2,-29 P,..., 
2015,03/31 0833,03/31 1800,04/01 1000,...,...,...,...,...,...,2,40,400,420,13,2,-6 Q,..., 
2015,04/10 0000,04/10 1300,04/11 0900,...,...,...,...,...,...,1,40,380,450,13,2,-75 Q,..., 
2015,05/06 0144,05/06 1200,05/07 2100,...,...,...,...,...,...,1,80,420,470,13,2,-28 Q,..., 
2015,05/10 1200,05/10 1200,05/11 0200,...,...,...,...,...,...,2,0,370,400,11,2,-51 Q,..., 
2015,05/18 1900,05/18 2000,05/19 0200,...,...,...,...,...,...,3,40,460,480,16,2,-42 Q,..., 
2015,09/07 1400,09/08 0000,09/09 1500,...,...,...,...,...,...,1,190,460,600,15,2,-94 Q,620,09/04 1924
2015,11/06 1800,11/07 0600,11/08 1600,...,...,...,...,...,...,1,90,500,680,13,2,-96 Q,810,11/04 1448
2015,12/19 1500,12/20 0300,12/21 2000,...,...,...,...,...,...,1,110,400,490,15,2,-170 Q,540,12/16 0924
2015,12/31 0000,12/31 1700,01/02 1100,...,...,...,...,...,...,2,90,440,480,10,2,-117 Q,690,12/28 1212
2016,01/18 2100,01/19 1000,01/21 0000,...,...,...,...,...,...,2,70,370,400,14,2,-104 Q,440,01/14 2324 H
1998,02/18 0750(A),02/19 0100,02/20 0000,-3,...,...,...,N,...,2,20 S,440,460,9,1,-51,..., 
1998,03/25 1000,03/25 1300,03/26 1000,...,...,...,...,Y,Y,1,20,400,400,10,1,-56,..., 
1998,06/13 1925,06/14 0400,06/15 0600,...,...,...,...,Y,N,3,80 S,340,380,10,1,-55,..., 
1998,08/01 0400,08/01 0400,08/03 1000,0,...,...,...,N,Y,3,30,410,450,7,1,-6,dg,dg
1998,08/05 1300,08/05 1300,08/06 1200,...,...,...,...,Y,Y,2W,0,360,390,8,1,-138,dg,dg
1998,08/11 2300,08/12 0100,08/13 1400,ns,ns,...,...,Y,...,3W,20,370,420,8,1,-19,dg,dg
1998,09/23 0200,09/23 0400,09/23 1800,ns,ns,...,...,Y,N,2,80,420,490,7,1,-33,dg,dg
1998,11/07 0815,11/07 2200,11/09 0100,0,0,...,...,Y,...,2,130 S,450,530,15,1,-81,570,11/04 0754 H
1999,02/16 1500,02/16 1500,02/17 1100,0,0,...,...,N,...,3,0,460,470,6,1,-7,..., 
1999,03/19 1000,03/19 1100,03/20 1200,0,0,...,...,Y,...,3W,10,340,380,5,1,-30,..., 
1999,06/02 2000,06/02 2300,06/03 2200,nc,0,...,...,Y,Y,3,40,430,470,9,1,-6,..., 
1999,07/06 1509,07/06 2100,07/07 0200,ns,...,...,...,N,...,2,50 S,460,500,10,1,-4,620,07/03 1954
1999,07/31 1837,07/31 1900,08/02 0600,0,ns,...,...,N,...,3,100,480,650,5,1,-39,510,07/28 0906 H
1999,08/20 2300,08/20 2300,08/23 1100,31,6,...,...,Y,...,2,0,460,570,7,1,-66,510,08/17 1331
1999,12/26 2130(A),12/27 1100,12/28 0400,-9,23,...,...,Y,...,3,50 S,430,450,8,1,-8,..., 
2000,01/22 0023(A),01/22 1700,01/23 0200,0,0,...,...,Y,...,2,30 S,380,400,16,1,-97,530,01/18 1754 H
2000,04/06 1639,04/07 0600,04/08 0600,-7,-15,...,...,Y,...,2,220 S,560,620,6,1,-288,860,04/04 1632 H
2000,04/18 2000,04/18 2000,04/19 1400,8,0,...,...,N,...,3,30,460,470,10,1,-14,510,04/15 1035?
2000,05/16 2300,05/16 2300,05/17 0700,0,0,...,...,N,...,2,130,550,580,9,1,-92,500,05/13 1226
2000,05/23 2342(W),05/24 1200,05/27 1000,nc,0,...,...,Y,N,2,50 S,530,690,5,1,-147,650,05/21 0726
2000,06/11 0801,06/11 0900,06/11 1800,0,6,...,...,Y,...,2,40 S,510,530,11,1,-36,..., 
2000,06/18 0900,06/18 0900,06/18 1700,-3,5,...,...,N,Y,3W,10,380,400,5,1,-12,..., 
2000,07/26 1857,07/27 0200,07/28 0200,0,-4,...,...,Y,Y,2,50 S,360,400,6,1,-42,490,07/23 0530
2000,10/05 0326,10/05 1300,10/07 1100,0,ns,...,...,Y,...,2,110 S,450,530,6,1,-182,756,10/02 2026 H
2000,11/08 1200,11/08 1300,11/09 1500,0,0,...,...,Y,...,2,50,440,500,7,1,-36,..., 
2000,11/28 0530,11/28 1100,11/29 2200,11,0,...,...,Y,N,2,50 S,540,580,9,1,-119,720,11/25/26 (p)
2001,01/23 1048,01/24 0900,01/26 0700,0,ns,...,...,Y,...,2,140 S,400,550,4,1,-61,680,01/20 2130 H (p)
2001,03/31 0052,03/31 0500,03/31 2200,0,nc,...,...,Y,N,3,200 S,640,710,33,1,-387,690,03/28 1250 H
2001,03/31 2200,04/01 0400,04/03 1500,nc,0,...,...,Y,Y,2,200,600,820,5,1,...,700,03/29 1026 H
2001,05/07 0800,05/07 1900,05/08 0700,0,12,...,...,Y,Y,2,30,360,410,8,1,-25,..., 
2001,05/08 1101,05/09 1200,05/10 2200,0,nc,...,...,N,N,2,50 S,430,560,8,1,-76,..., 
2001,06/07 0852(A),06/07 1800,06/08 0700,ns,ns,...,...,N,N,1,50 S,390,430,9,1,-8,..., 
2001,06/27 0300,06/27 0300,06/28 1700,0,ns,...,...,N,...,1,20,420,490,3,1,-18,..., 
2001,07/13 1700,07/13 1700,07/14 0100,0,0,...,...,N,...,2,20,400,420,8,1,-4,..., 
2001,08/30 1411,08/30 1700,08/31 1000,0,0,...,...,Y,...,3W,50 S,420,500,6,1,-40,..., 
2001,09/01 1300,09/01 1300,09/02 2200,0,0,...,...,N,...,2,0,360,410,5,1,-17,..., 
2001,09/13 0231(W),09/13 1800,09/14 2200,0,4,...,...,Y,...,2,30 S,410,440,10,1,-57,..., 
2001,09/23 2000,09/24 0000,09/24 2200,8,-4,...,...,N,...,3W,30,440,530,7,1,-73,570,09/20 1931
2001,09/29 0940,09/29 1100,10/01 0000,10,0,...,...,Y,...,2,180 S,560,700,12,1,-66,790,09/27 0454?
2001,10/11 1701,10/12 0400,10/12 0900,-7,0,...,...,Y,...,2,180 S,560,570,22,1,-71,780,10/09 1130 H
2001,11/05 1000,11/05 1900,11/6 0600,0,0,...,...,SEP,...,2,30,420,430,18,1,-73,..., 
2001,11/06 0152,11/06 1200,11/09 0300,0,-39,...,...,Y,...,2,300 S,600,750,7,1,-292,1250,11/04 1635 H
2001,11/19 1815,11/19 2200,11/21 1300,0,0,...,...,Y,...,3W,130 S,430,570,6,1,-47,680,11/17 0530 H
2001,12/29 0538,12/30 0000,12/30 1800,-14,-6,...,...,N,...,3,90 S,400,460,16,1,-58,580,12/26 0530?
2002,04/12 0100,04/12 0100,04/13 1300,0,0,...,...,N,N,3W,0,420,450,8,1,-32,..., 
2002,05/11 1014,05/11 1500,05/12 0000,0,0,...,...,N,...,2,90 S,430,440,15,1,-110,610,05/08 1350 H
2002,05/20 0340,05/20 1000,05/21 2200,-7,-8,...,...,Y,Y,3,70 S,420,510,7,1,-36,420,05/16 0050 H
2002,07/17 1603,07/18 1200,07/19 0900,0,nc,...,...,Y,N,3,100 S,460,520,6,1,-17,955,07/15 2030 H
2002,08/18 1846,08/19 1200,08/21 1400,-7,38,...,...,Y,...,2,160 S,460,580,8,1,-106,766,08/16 1230 H
2002,08/29 2100,08/29 2100,08/30 0600,6,nc,...,...,N,...,2W,0,400,420,8,1,-42,..., 
2002,09/07 1200,09/07 1200,09/08 0400,0,0,...,...,Y,N,2,0,380,400,8,1,-41,..., 
2002,09/08 2000,09/08 2200,09/10 2100,18,15,...,...,N,...,2,50,440,520,9,1,-82,..., 
2002,10/02 2210(A),10/03 0100,10/04 1800,0,6,...,...,N,...,2,80 S,430,520,11,1,-146,..., 
2002,11/16 2305(A),11/17 1000,11/19 1200,0,nc,...,...,Y,...,2,20 S,380,500,10,1,-52,..., 
2003,05/09 0455(A),05/09 0700,05/11 0000,0,12,...,...,N,...,2,100 S,680,900,8,1,-84,..., 
2003,05/29 1224,05/29 1300,05/29 1800,0,nc,...,...,Y,...,3,70 S,650,680,10,1,-49,..., 
2003,05/29 1825(A),05/30 0200,05/30 1600,nc,0,...,...,Y,...,3,120 S,600,760,20,1,-144,999,05/28 0050 H
2003,06/15 1500,06/15 2000,06/16 2100,6,0,...,...,Y,...,3,80,510,590,10,1,-68,dg,dg
2003,07/23 1400,07/23 1400,07/24 1600,0,0,...,...,N,...,2,90,430,500,6,1,-26,..., 
2003,08/04 1700,08/04 2200,08/06 0200,5,0,...,...,Y,...,2,0,440,500,9,1,-60,..., 
2003,08/15 1200,08/16 0200,08/17 1600,-9,0,...,...,N,...,2,70,490,620,7,1,-11,..., 
2003,10/21 2200,10/22 0200,10/24 1500,0,nc,...,...,Y,...,2,100,520,740,9,1,-61,..., 
2003,10/24 1524,10/24 2100,10/25 1200,nc,nc,...,...,Y,Y,2,140 S,560,600,21,1,-36,760,10/22 0830
2003,10/26 1908,10/26 2200,10/28 0000,0,0,...,...,Y,...,2,90 S,470,540,10,1,-52,..., 
2003,10/30 1619(A),10/31 0200,11/02 0000,0,24,...,...,Y,...,2,750 S,800,1700,9,1,-383,2138,10/29 2054 H
2004,01/09 1500,01/10 0600,01/11 0500,-12,0,...,...,N,N,2,60,560,620,10,1,-45,..., 
2004,01/23 1425(A),01/23 2300,01/25 0400,0,2,...,...,Y,Y,2,60 S,490,550,10,1,-81,720,01/21 0454 H
2004,04/26 1604,04/26 1700,04/27 2000,...,...,...,...,N,...,2,50,460,500,6,1,0,dg,dg
2004,05/01 1200,05/01 1500,05/02 2100,0,0,...,...,Y,...,2,30,400,430,9,1,-13,dg,dg
2004,07/25 1500,07/25 2000,07/26 2200,nc,...,...,...,Y,Y,2,110,640,680,6,1,...,890,07/23 1606 H
2004,08/01 0100,08/01 0900,08/02 0400,0,0,...,...,N,...,3,40,440,520,6,1,-33,..., 
2004,09/13 2003,09/14 1500,09/16 1200,-6,0,...,...,Y,...,3W,110 S,550,600,6,1,-38,960,09/12 0036 H
2004,09/17 2100,09/18 1200,09/20 0000,0,0,...,...,N,Y,3,20,400,500,6,1,-33,500,09/14 1010 H
2004,11/11 1710,11/12 0800,11/13 2300,0,0,...,...,Y,...,2,60,520,670,7,1,-92,1080,11/10 0226 H
2004,12/11 1340,12/12 2200,12/13 1900,0,0,...,...,Y,...,2,60,400,580,13,1,-56,640,12/8 2026 H
2004,12/27 0500,12/27 1600,12/29 0200,24,0,...,...,Y,N,3,80,440,560,7,1,-47,dg,dg
2005,01/07 0922,01/07 1500,01/08 1200,0,0,...,...,N,N,2,60,520,570,17,1,-93,550,(01/04 0616 )
2005,01/08 1700,01/08 2100,01/09 1800,0,-10,...,...,N,Y,2,40,460,520,9,1,...,570,01/05 1530 H
2005,01/16 1100,01/16 1400,01/17 0700,0,0,...,...,Y,N,3,80,520,580,8,1,-65,640,01/13 1754 H
2005,02/20 1200,02/20 1200,02/22 0700,ns,ns,...,...,N,...,3,0,410,440,5,1,-43,500,02/17 0006 H
2005,05/28 0436,05/29 0300,05/29 1500,3,nc,...,...,N,...,2,60 S,400,490,11,1,-33,..., 
2005,05/29 0952,05/30 0100,05/30 2300,nc,nc,...,...,N,...,2,130 S,460,540,15,1,-113,630,05/26 1506 H
2005,06/16 0847,06/16 1700,06/17 1900,0,0,...,...,Y,Y,3,230 S,600,680,7,1,-40,..., 
2005,07/10 0337,07/10 1000,07/12 0400,0,28,...,...,Y,...,2,80 S,430,480,12,1,-92,720,07/07 1706
2005,08/09 0000,08/09 0000,08/09 1900,0,0,...,...,Y,...,2,40,480,520,6,1,-23,477,08/05 0854
2005,08/10 0600,08/10 0600,08/10 1100,0,0,...,...,N,...,2,20,440,460,8,1,-47,..., 
2005,08/23 2000,08/24 0000,08/24 1100,0,0,...,...,N,N,3,30,440,460,20,1,-2,..., 
2005,08/24 0613,08/24 1400,08/24 2300,0,0,...,...,Y,N,3,100 S,660,710,20,1,-216,790,08/22 0131H
2005,09/02 1419,09/02 1800,09/03 0400,0,nc,...,...,Y,Y,2,110 S,650,680,10,1,-60,840,08/31 1130
2005,09/15 0600,09/15 0600,09/16 1800,0,0,...,...,Y,...,3,0,680,860,7,1,-80,..., 
2008,09/17 0000,09/17 0400,09/18 0800,0,0,...,...,Y,...,2,10,400,490,6,1,-20,..., 
2008,12/04 0400,12/04 1200,12/05 1100,...,...,...,...,N,...,3,40,390,510,7,1,-26,..., 
2009,01/18 2100,01/19 0200,01/19 0500,0,0,...,...,N,...,2,40,430,450,12,1,-6,..., 
2009,01/25 2224,01/26 1000,01/26 1500,...,...,...,...,Y?,...,3W,50,340,380,10,1,-29,..., 
2009,06/03 1600,06/04 0200,06/05 1600,ns,ns,...,...,Y,...,3W,20,310,330,5,1,-21, , 
2009,06/27 1400,06/27 1600,06/28 1600,ns,ns,...,...,Y,...,2,30,390,420,7,1,-5,..., 
2009,07/20 1400,07/21 0100,07/22 0400,ns,ns,...,...,Y,...,2,20,330,350,8,1,-83,..., 
2009,09/30 0100,09/30 0600,10/01 0000,ns,ns,...,...,Y,...,3,50,340,360,7,1,-7, , 
2009,11/13 2000,11/14 1000,11/15 0000,ns,ns,...,...,Y,...,2,20,310,330,7,1,-17,..., 
2009,12/12 0651,12/12 2000,12/13 2200,ns,ns,...,...,Y,...,2,30,270,300,6,1,-2, , 
2010,01/01 2200,01/01 2200,01/03 1000,...,ns,...,...,Y,...,1,10,290,310,7,1,-4,..., 
2010,02/22 1300,02/22 1300,02/22 2200,ns,ns,...,...,N,...,2,10,360,370,7,1,-16,..., 
2010,04/09 1800,04/09 1800,04/10 1600,ns,ns,...,...,N,...,3W,30,430,470,4,1,-31,..., 
2010,06/20 2000,06/21 0600,06/22 1400,ns,ns,...,...,Y,...,2,20,360,410,6,1,-11,..., 
2011,01/24 0700,01/24 1000,01/25 1200,...,...,...,...,N,...,2,30,350,400,7,1,-14,...,...
2011,02/18 0130,02/18 1900,02/20 0800,-15,36,...,...,Y,...,2,130,470,600,10,1,-32,590,02/15 0236 H
2011,07/06 0258,07/06 1700,07/07 1200,...,...,...,...,Y,...,2,30,360,410,5,1,-28,...,...
2011,08/04 2153,08/05 0500,08/05 1400,...,...,...,...,N,...,3,70,430,440,5,1,-15,670,08/02 0636 H
2011,08/05 1751,08/06 2200,08/07 2200,...,...,...,...,Y,...,1,180,540,610,4,1,-115,1100,08/04 0412 H
2011,09/08 1000,09/08 1000,09/09 1200,...,...,...,...,N,...,2,0,320,340,2,1,-7,...,09/06 H
2011,09/18 1000,09/18 1200,09/18 2100,...,...,...,...,N,...,1,40,440,480,5,1,-30,..., 
2011,09/22 0300,09/22 1500,09/23 0300,...,...,...,...,N,...,3,20,390,420,5,1,-29,...,19-Sep
2011,10/05 0736,10/05 1000,10/05 2200,...,...,...,...,Y,...,2,90,450,460,12,1,-43,450,10/01 1017
2011,10/22 2100,10/22 2100,10/23 1600,...,...,...,...,N,...,3,0,290,310,6,1,-7,..., 
2011,11/01 0907,11/02 0100,11/03 0400,...,...,...,...,Y,...,3,70,380,430,6,1,-66,..., 
2011,11/12 0559,11/13 1000,11/15 0200,...,...,...,...,Y,...,3,80,370,460,5,1,-13,650,11/09 1330
2011,12/02 1717,12/02 1800,12/03 0700,...,...,...,...,N,...,3,0,400,420,7,1,-14,..., 
2011,12/25 0200,12/25 0200,12/25 1700,...,...,...,...,Y,...,2,0,360,370,4,1,-7,..., 
2011,12/29 2200,12/29 2200,12/30 0900,...,...,...,...,Y,...,3,0,400,420,7,1,-16,...,26-Dec
2012,02/14 0700,02/14 2100,02/16 0600,...,...,...,...,N,...,3,40,370,400,9,1,-58 P,..., 
2012,02/16 0700,02/16 1400,02/18 0000,...,...,...,...,Y,...,3,20,320,380,5,1,-19 P,..., 
2012,02/29 0500,02/29 0500,03/01 0000,...,...,...,...,Y,...,3,20,440,450,7,1,-12 P,..., 
2012,03/02 2100,03/02 2100,03/04 0200,...,...,...,...,N,...,3,0,390,420,6,1,-32 P,..., 
2012,03/06 0800,03/06 0800,03/06 1500,...,...,...,...,Y,...,3W,0,370,380,11,1,-21 P,..., 
2012,03/08 1103,03/09 0300,03/11 0700,...,...,...,...,Y,...,2,270,550,890,7,1,-131 P,1220,03/07 0024 H
2012,03/15 1306,03/15 1700,03/16 1000,...,...,...,...,N,...,3,170,680,760,9,1,-74 P,960,03/13 1736 H
2012,07/04 1900,07/05 0000,07/06 0800,...,...,...,...,Y,...,3,50,470,540,8,1,-8 P,730,07/02 0836 H
2012,09/01 0600,09/01 0700,09/03 1500,...,...,...,...,...,...,2,20,310,330,8,1,-70 P,..., 
2012,10/02 2200,10/02 2200,10/03 0600,...,...,...,...,N,...,3,0,320,320,6,1,-29 P,..., 
2012,11/09 0300,11/09 0300,11/09 1500,...,...,...,...,N,...,2,0,370,380,2,1,-1 P,..., 
2012,11/23 2152,11/24 1200,11/25 1000,...,...,...,...,Y,...,2,70,380,410,12,1,-42 P,510,11/20 1212
2013,01/18 1237,01/19 0000,01/19 1700,...,...,...,...,N,...,2,40,430,460,5,1,-26 P,..., 
2013,02/16 1209,02/17 1000,02/17 1900,...,...,...,...,N,...,2,60,360,410,7,1,-26 P,..., 
2013,03/20 1700,03/20 1800,03/20 2200,...,...,...,...,N,...,3,110,520,640,9,1,-39 P,..., 
2013,05/01 0900,05/01 1100,05/01 1800,...,...,...,...,N,...,2,30,430,460,10,1,-67 P, , 
2013,06/08 0600,06/08 1000,06/08 2000,...,...,...,...,Y,...,2,20,430,450,3,1,-14 P, , 
2013,08/20 2227,08/21 0800,08/21 1400,...,...,...,...,N,...,3,30,460,470,7,1,-20 P, , 
2013,08/22 1926,08/23 2000,08/25 0300,...,...,...,...,Y,...,3,40,470,570,6,1,-34 P, , 
2013,08/24 0003(S),08/25 0300,08/26 0300,...,...,...,...,Y,...,3,30,400,520,4,1,-23 P, , 
2013,11/11 1700,11/11 1700,11/12 0300,...,...,...,...,...,...,2,0,460,480,7,1,-31 P, , 
2014,02/10 1800,02/11 1200,02/13 1000,...,...,...,...,...,...,2,60,430,560,6,1,-20 P,..., 
2014,02/17 0300,02/17 0300,02/17 1600,...,...,...,...,...,...,3W,0,400,410,6,1,-24 P,..., 
2014,02/18 0640,02/18 1500,02/19 0700,...,...,...,...,...,...,2,60,400,410,8,1,-62 P,..., 
2014,04/19 1836,04/20 0100,04/20 1200,...,...,...,...,...,...,2,30,510,530,5,1,-10 P,..., 
2014,04/20 1056,04/21 0700,04/22 0900,...,...,...,...,...,...,2,200,540,700,6,1,-25 P,920,04/18 1325 H
2014,09/17 0200,09/17 0200,09/18 2000,...,...,...,...,...,...,2,0,310,320,9,1,-4 P,410,09/12 1924 H
2015,01/02 0700,01/02 1500,01/02 2200,...,...,...,...,...,...,3,20,390,450,8,1,-42 Q,..., 
2015,01/03 1400,01/03 1400,01/04 1600,...,...,...,...,...,...,2,10,430,460,9,1,-62 Q,..., 
2015,06/22 1834,06/23 0200,06/24 1400,...,...,...,...,...,...,2,190,610,740,14,1,-204 Q,..., 
2015,06/26 0600,06/26 1200,06/27 0200,...,...,...,...,...,...,3,50,490,560,5,1,-61 Q,..., 
2015,08/15 0749 S,08/15 2100,08/16 0800,...,...,...,...,...,...,2,10,500,510,12,1,-84 Q,640,08/12 1512
2015,08/26 0800,08/26 0800,08/28 1000,...,...,...,...,...,...,2,20,370,420,11,1,-91 Q,..., 
2015,10/24 1800,10/25 1400,10/27 0400,...,...,...,...,...,...,2,60,430,490,7,1,-7 Q,..., 
2015,11/04 0400,11/04 1500,11/04 1900,...,...,...,...,...,...,2,70,640,740,8,1,-61 Q,..., 
2016,01/24 1400,01/24 1800,01/26 1800,...,...,...,...,...,...,2,30,410,490,5,1,-17 Q,..., 
1998,03/30 2200,03/31 1100,04/03 0200,-6,0,...,...,N,Y,1,30,360,430,7,0,-35,..., 
1998,04/11 2300,04/11 2300,04/13 1800,ns,ns,...,...,N,...,3W,20,390,390,8,0,-46,..., 
1998,05/04 0215(A),05/04 1000,05/07 2300,-7,0,...,...,Y,...,2,250 Wv,550,830,10,0,-205,1150,05/02 1406 H(p)
1998,06/25 1636,06/26 0400,06/26 1900,0,0,...,...,Y,...,2,30 S,470,490,11,0,-101,..., 
1998,07/05 0315(A),07/06 0600,07/09 0700,0,...,...,...,N,...,1,50 S,450,630,5,0,-30,dg,dg
1998,07/10 2300,07/11 0000,07/13 1500,...,...,...,...,Y,Y,3W,20,400,430,10,0,-35,dg,dg
1998,08/07 1100,08/07 2300,08/09 2300,...,...,...,...,N,Y,2,0,450,500,7,0,-62,dg,dg
1998,08/10 0046,08/10 1100,08/10 2200,ns,ns,...,...,Y,N,3W,100 S,450,500,7,0,-27,dg,dg
1998,08/26 0651,08/26 2200,08/28 0000,0,18,...,...,Y,...,2,200 S,650,860,14,0,-155,1260,dg (08/24 2200)
1998,10/23 1230(A),10/23 1500,10/24 1600,0,0,...,...,N,Y,3,50 S,520,600,7,0,-52,..., 
1998,11/30 0507,11/30 2100,12/01 0400,0,0,...,...,Y,...,2,100 S,470,480,9,0,-15,..., 
1998,12/28 1826,12/29 1800,12/31 0200,0,0,...,...,N,...,2,30 S,400,410,8,0,-58,dg,dg
1999,01/04 0000,01/04 0400,01/04 2200,ns,ns,...,...,Y,...,3W,20,350,360,8,0,-29,dg,dg
1999,01/13 1054,01/13 1500,01/13 2300,0,0,...,...,N,...,2,70 S,420,430,18,0,-112,dg,dg
1999,01/22 1950(A),01/23 0900,01/23 1800,nc,0,...,...,Y,...,3,120 S,570,660,12,0,-52,dg,dg
1999,02/13 1900,02/13 1900,02/14 1500,0,-3,...,...,N,...,3W,20,440,470,9,0,-17,..., 
1999,02/17 0709,02/17 1600,02/18 1000,0,0,...,...,Y,...,3,30 S,410,490,8,0,-34,..., 
1999,03/10 0130,03/10 1700,03/12 0200,0,0,...,...,Y,Y,2,30 S,410,460,7,0,-81,..., 
1999,05/15 1600,05/15 1600,05/18 0000,ns,0,...,...,N,...,3,0,390,400,5,0,-13,..., 
1999,06/26 2016,06/27 2200,06/29 0400,0,...,...,...,Y,Y,3,100 S,670,860,7,0,-41,760,06/24 1331 H
1999,07/02 0059,07/03 0500,07/06 0600,-26,ns,...,...,...,...,2,100 S,440,680,4,0,-26,..., 
1999,07/07 0600,07/07 0700,07/08 0400,nc,nc,...,...,Y,...,3,70,450,480,4,0,-1,..., 
1999,07/26 2333(A),07/27 1700,07/29 1200,26,2,...,...,Y,...,3,30 S,390,460,6,0,-38,560,07/23 2130
1999,07/30 1600,07/30 2000,07/31 0800,0,0,...,...,Y,...,3,90,620,660,9,0,-52,710,07/28 0530? H
1999,08/02 1100,08/02 1500,08/03 1500,2,6,...,...,N,Y,3,20,370,440,4,0,-16,..., 
1999,08/11 2300,08/12 0300,08/14 0000,16,0,...,...,Y,...,3,40,380,420,6,0,-13,615,08/09 0326
1999,09/22 1222,09/22 1900,09/24 0300,0,0,...,...,Y,Y,1,120 S,530,600,11,0,-173,770,09/20 0606 H
1999,10/21 0225,10/21 0800,10/22 0700,14,0,...,...,Y,N,2,30 S,480,550,20,0,-237,561,10/18 0006 H
1999,11/11 1900,11/12 1000,11/13 1800,-10,nc,...,...,N,...,2,50,450,680,5,0,-69,dg,dg
1999,11/22 0000,11/22 0000,11/24 0300,-8,6,...,...,Y,...,3,40,450,490,9,0,-41,dg,dg
1999,12/12 1551,12/12 1900,12/13 1600,...,0,...,...,Y,Y,2,300 S,520,700,12,0,-85,dg,dg
1999,12/13 2300,12/14 0400,12/14 2000,...,...,...,...,Y,...,2,20,440,480,12,0,-33,dg,dg
2000,02/11 0258,02/11 1600,02/11 2000,0,0,...,...,Y,N,1,60 S,420,510,7,0,-25,630,02/08 0930 H
2000,02/14 0731,02/14 1200,02/16 0800,0,0,...,...,N,N,3,100 S,520,680,5,0,-67,815,02/12 0431 H
2000,03/01 0130,03/01 0300,03/02 0300,0,0,...,...,Y,...,1,20,480,530,8,0,-43,..., 
2000,03/18 2200,03/19 0200,03/19 1200,ns,ns,...,...,Y,Y,2,20,380,390,9,0,-3,..., 
2000,03/29 1100,03/29 1900,04/01 0000,0,15,...,...,N,Y,2,280,420,590,7,0,-60,..., 
2000,04/24 0400,04/24 0400,04/24 1300,0,0,...,...,N,...,3W,60,500,520,13,0,-61,..., 
2000,05/02 1045(A),05/02 2000,05/05 1000,nc,ns,...,...,Y,...,3,150 S,500,860,6,0,-37,530,04/29 0430?
2000,05/07 0000,05/07 0000,05/08 0000,8,0,...,...,Y,Y,3W,10,400,420,8,0,-10,..., 
2000,05/13 1700,05/13 1700,05/14 1800,0,ns,...,...,N,...,2,100,500,600,8,0,-2,603,05/10 2006
2000,05/15 1900,05/15 1900,05/16 1400,-2,0,...,...,N,...,3,20,430,450,8,0,-32,..., 
2000,05/22 1700,05/23 0900,05/23 2100,0,nc,...,...,Y,Y,2,70,570,610,8,0,-10,830,05/20 1450
2000,06/04 1502,06/04 2200,06/06 2200,-8,6,...,...,Y,Y,3,130 S,470,560,9,0,-35,403,05/31 0806
2000,06/08 0910,06/08 1200,06/10 1700,24,7,...,...,Y,Y,2,260 S,610,770,11,0,-90,1007,06/06 1554 H
2000,06/12 2208,06/13 1200,06/14 0600,nc,ns,...,...,N,N,2,60,440,550,4,0,-37,..., 
2000,06/26 0000,06/26 1000,06/27 0000,0,6,...,...,Y,Y,2,60,520,560,10,0,-76,..., 
2000,07/10 0638,07/11 0200,07/11 1400,0,6,...,...,Y,Y,2,90 S,440,490,13,0,0,609,07/07 1026 H
2000,07/19 1527,07/20 0100,07/21 0800,0,...,...,...,Y,N,2,100 S,530,630,8,0,-93,...,07/17 0854?
2000,07/23 1041,07/23 1500,07/26 0500,0,0,...,...,N,N,3,20,360,430,9,0,-68,dg,dg
2000,09/02 2200,09/02 2200,09/03 1300,0,0,...,...,N,...,1,40,420,450,8,0,-20,418,08/29 1830?
2000,09/08 1200,09/08 1200,09/10 1000,0,-18,...,...,Y,N,3,50,450,500,5,0,-48,530,09/05 0554
2000,11/11 0400(A),11/11 0800,11/12 0000,0,-14,...,...,N,Y,2,110 S,790,910,7,0,-37,1200,(11/09 1615)
2000,11/26 1158,11/27 0800,11/28 0300,0,8,...,...,Y,...,2,150 S,560,630,10,0,-80,...,11/24 (p)
2000,12/21 1200,12/22 0300,12/22 2000,0,4,...,...,Y,...,3W,40,290,330,4,0,-1,..., 
2000,12/22 1925,12/23 0000,12/23 1200,ns,ns,...,...,Y,...,3,50,320,330,12,0,-62,380,12/18 1150 H
2001,03/27 1747,03/28 1700,03/30 1800,11,0,...,...,Y,Y,3,200 S,480,560,3,0,-51,850,03/25 1706 H
2001,04/08 1101,04/08 1400,04/09 0400,0,0,...,...,Y,...,3,100 S,740,780,13,0,-59,1050,04/06 1930 H
2001,04/13 0734,04/13 0900,04/14 1200,0,-6,...,...,Y,Y,1,200 S,730,830,9,0,-77,990,04/11 1331 H
2001,04/15 1700,04/15 1700,04/16 0100,ns,ns,...,...,SEP,N,2W,0,500,510,4,0,-36,..., 
2001,04/18 0046,04/18 1200,04/20 1100,ns,ns,...,...,Y,...,2,140 S,430,520,8,0,-114,..., 
2001,05/03 1100,05/03 1100,05/04 1000,0,0,...,...,Y,...,2W,0,380,390,8,0,-2,..., 
2001,05/11 1300,05/11 1300,05/12 0000,...,...,...,...,N,N,2W,0,430,430,8,0,-48,..., 
2001,08/03 0716,08/03 1100,08/03 1400,0,20,...,...,Y,...,3,60 S,420,440,10,0,-13,..., 
2001,08/15 0500,08/15 0500,08/16 1400,ns,ns,...,...,N,...,3W,0,390,450,5,0,-16,..., 
2001,08/17 1103,08/17 2000,08/19 1600,0,0,...,...,Y,...,2,150 S,500,600,11,0,-105,620,08/14 1601 H
2001,09/25 0000,09/25 0600,09/25 2000,0,0,...,...,SEP,...,2,30,380,400,5,0,-24,..., 
2001,09/30 1924,10/01 0800,10/02 0000,ns,ns,...,...,Y,...,2,80 S,490,550,9,0,-148,710,09/28 0854 H
2001,10/01 2115(S),10/02 0400,10/02 1200,0,0,...,...,Y,...,2,40,490,520,8,0,-104,715,09/29 1154
2001,10/04 1400,10/04 1400,10/05 1900,nc,nc,...,...,N,...,3,0,420,470,3,0,...,..., 
2001,10/21 1648,10/21 2000,10/25 1000,0,0,...,...,Y,...,1,250 S,460,680,9,0,-187,870,10/19 1650 H
2001,10/26 2200,10/27 0300,10/28 1200,0,nc,...,...,Y,...,3,20,420,500,10,0,-27,417,10/22 1826
2001,10/28 0319,10/29 2200,10/31 1300,-6,7,...,...,N,...,2,150 S,360,510,5,0,-157,694,10/25 1526
2001,12/28 0000,12/28 0000,12/29 1200,5,-6,...,...,Y,...,2,10,360,370,8,0,-10,...,
2002,03/20 1328,03/21 1400,03/22 0600,0,-8,...,...,Y,...,3,210 S,440,580,8,0,-13,..., 
2002,07/19 1450(A),07/20 0200,07/22 0600,0,0,...,...,Y,...,2,650 S,650,930,7,0,-36,..., 
2002,07/31 1100,07/31 2200,08/01 0900,0,nc,...,...,Y,...,3,40,410,460,10,0,-21,..., 
2002,09/07 1636,09/08 0400,09/08 2000,nc,0,...,...,Y,...,2,170 S,470,550,11,0,-181,880,09/05 1654 H
2002,09/19 0600,09/19 2000,09/20 2100,0,ns,...,...,Y,Y,2,80,520,750,5,0,-40,910,09/17 0806
2002,12/17 1800,12/17 1800,12/19 1200,0,0,...,...,Y,N,2,0,380,430,14,0,-30,..., 
2002,12/20 1700,12/21 0300,12/22 1900,0,0,...,...,N,Y,2,30,440,540,11,0,-75,..., 
2003,02/01 1305(A),02/01 1900,02/03 0700,...,0,...,...,Y,...,2,340 S,510,760,11,0,-72,820,01/30 1006
2003,02/17 2150(A),02/18 0400,02/19 1600,0,0,...,...,Y,...,1,70 S,600,700,8,0,-17,..., 
2003,05/30 1600(A),05/30 2200,06/01 0100,-3,-19,...,...,Y,...,3,220 S,680,780,7,0,-63,1078,05/29 0127 H
2003,10/25 1100,10/25 1400,10/26 0400,nc,...,...,...,Y,...,3,40,490,610,13,0,-49,...,(p)
2003,10/28 0206,10/28 0230,10/28 0900,ns,ns,...,...,Y,N,1,130 S,610,620,19,0,-32,1331,10/26 1754
2004,01/22 0137,01/22 0800,01/23 1700,0,-5,...,...,Y,Y,2,200 S,560,680,12,0,-130,850,01/20 0006 H
2004,02/17 1800,02/17 1800,02/18 1600,...,0,...,...,N,N,2,0,440,460,8,0,-24,..., 
2004,04/30 1300,05/01 0000,05/01 1200,ns,ns,...,...,N,...,2,40,430,450,9,0,-34,dg,dg
2005,01/18 2100,01/18 2300,01/20 0300,-2,10,...,...,Y,Y,1,...,800,960,12,0,-80,1170,01/17 0930 H
2005,01/21 1711,01/21 1900,01/22 1700,0,-5,...,...,Y,N,2,340 S,810,960,19,0,-97,1210,01/20 0654 H
2005,01/31 0900,01/31 1400,02/02 0900,ns,ns,...,...,N,N,2,120,560,660,8,0,-28,..., 
2005,02/17 2200(S),02/18 1400,02/19 0600,0,0,...,...,Y,...,1,50,530,580,6,0,-80,..., 
2005,02/22 1000,02/22 1400,02/23 1900,ns,0,...,...,N,N,3,30,380,400,9,0,-2,..., 
2005,05/30 2300,05/31 0400,06/01 0300,nc,0,...,...,N,...,3,30,460,490,4,0,...,430,05/26 2126
2005,09/11 0114,09/11 0500,09/12 0700,0,nc,...,...,Y,...,2,300 S,900,1100,10,0,-139,1423,09/9 1948
2005,09/12 0605(A),09/12 2000,09/13 1300,-6,0,...,...,Y,...,2,230 S,750,980,7,0,-88,..., 
2005,09/13 0900,09/13 1600,09/14 0800,0,ns,...,...,Y,...,3,60,630,740,5,0,-86,..., 
2005,09/20 1800,09/20 1800,09/21 1800,...,ns,...,...,N,N,2W,0,350,390,6,0,-33,..., 
2006,04/14 1300,04/14 1300,04/14 2100,0,0,...,...,N,...,2,20,500,540,9,0,..., , 
2006,07/09 2136,07/10 2100,07/11 1900,0,0,...,...,N,...,1,100 S,380,430,8,0,-27,488,07/06 0854 H
2006,08/19 1131,08/20 1300,08/21 1600,-7,14,...,...,N,...,2,90 S,400,470,8,0,-79,620,08/16 1630 H
2006,11/01 1700,11/01 1700,11/02 1400,ns,ns,...,...,Y,...,3W,0,380,410,5,0,-28,..., 
2006,11/18 1000,11/18 1000,11/20 0200,...,...,...,...,N,...,3W,30,400,430,9,0,-20,..., 
2006,12/15 2000,12/15 2000,12/16 1900,0,...,...,...,N,...,2,90,620,650,3,0,...,..., 
2006,12/16 1755,12/17 0000,12/17 1700,...,24,...,...,N,...,3,70 S,580,680,4,0,-56,980,12/14 2230 H
2009,12/19 1000,12/19 1300,12/20 1700,ns,ns,...,...,Y,...,3W,20,380,430,4,0,-2,536,12/16 0430 H
2010,02/11 0000,02/11 0800,02/12 0300,ns,ns,...,...,N,...,3,70,360,380,7,0,-7,450,02/07 0354 H
2010,02/19 1500,02/19 1500,02/20 1800,...,ns,...,...,N,...,2,0,440,500,6,0,-11,..., 
2010,02/21 0000,02/21 0000,02/22 0000,ns,ns,...,...,N,...,2,0,370,380,7,0,-6,..., 
2010,04/30 0600,04/30 0600,05/01 1200,...,...,...,...,N,...,3,20,380,400,4,0,-13,..., 
2011,03/06 0331,03/06 0900,03/08 0600,ns,ns,...,...,Y,...,3,50,430,530,6,0,-27,600,03/03 0548
2011,07/14 1200,07/15 0400,07/16 1500,...,...,...,...,Y,...,2,40,410,530,4,0,-17,...,...
2011,09/16 1900,09/16 1900,09/17 0500,...,...,...,...,N,...,2,10,390,420,4,0,-16,..., 
2011,09/26 1234,09/26 2000,09/28 1500,...,...,...,...,Y,...,2,130,580,700,7,0,-118,...,09/24 1248
2011,10/07 0247,10/07 0200,10/07 1700,...,...,...,...,Y,...,3,0,380,390,4,0,-33,..., 
2011,10/30 1001,10/31 0100,10/31 1500,...,...,...,...,N,...,3,30,410,420,6,0,-29,..., 
2012,04/25 1700,04/26 0000,04/27 1800,...,...,...,...,Y,...,3,70,540,710,5,0,-48 P,..., 
2012,06/08 0700,06/08 1000,06/10 1400,...,...,...,...,...,...,2,30,480,600,5,0,+5 P,..., 
2012,07/21 1612,07/22 1100,07/23 1600,...,...,...,...,N,...,3,50,460,520,5,0,-18 P,..., 
2012,09/03 1213,09/04 1100,09/05 0200,...,...,...,...,...,...,2,120,430,440,9,0,-66 P,..., 
2012,09/30 1131,09/30 1400,09/30 2000,...,...,...,...,...,...,3,30,310,310,8,0,-41 P,..., 
2012,11/26 0512,11/26 1200,11/28 0500,...,...,...,...,N,...,3,90,450,530,6,0,-9 P,660,11/23 1336 H
2012,11/28 1800,11/28 1800,11/29 1400,...,...,...,...,N,...,3,20,360,380,4,0,-3 P,..., 
2013,02/13 1700,02/14 0800,02/16 1400,...,...,...,...,N,...,3,20,360,400,4,0,-39 P,..., 
2013,05/25 2000,05/25 2300,05/26 2200,...,...,...,...,Y,...,1,140,660,750,7,0,-48 P, , 
2013,10/08 2020,10/09 0900,10/11 0000,...,...,...,...,Y,...,1,100,480,650,6,0,-62 P,780,10/06 1443 H
2014,02/05 1400,02/06 0300,02/07 1700,...,...,...,...,...,...,2,50,370,400,7,0,-29 P,..., 
2014,02/20 0318,02/21 0200,02/22 1200,...,...,...,...,...,...,2,180,490,690,6,0,-91 P,..., 
2014,04/18 1900,04/18 1900,04/20 0000,...,...,...,...,...,...,2,0,490,500,8,0,-14 P,..., 
2014,06/07 1652,06/08 2000,06/10 1700,...,...,...,...,...,...,2,60,480,610,9,0,-37 P,570,06/04 1524
2014,11/10 0220,11/11 0700,11/11 2000,...,...,...,...,...,...,3,50,480,520,9,0,-57 P,..., 
2015,03/16 1400,03/16 1400,03/16 2300,...,...,...,...,...,...,3,30,420,440,11,0,+16 P,..., 
2015,03/21 2054,03/22 0200,03/22 2000,...,...,...,...,...,...,3,70,640,700,8,0,-43 P,..., 
2015,03/29 1500,03/29 1900,03/30 1200,...,...,...,...,...,...,3,20,360,390,6,0,-28 P,..., 
2015,04/09 0900,04/09 1100,04/09 2200,...,...,...,...,...,...,3,30,380,390,12,0,1 Q,..., 
2015,05/07 2100,05/07 2100,05/09 0400,...,...,...,...,...,...,1,0,390,400,6,0,-7 Q,..., 
2015,06/24 1400,06/25 1000,06/26 0600,...,...,...,...,...,...,2,170,550,720,5,0,-86 Q,960,06/22 1836 H
2015,07/13 0200,07/13 0600,07/14 1500,...,...,...,...,...,...,2,40,490,650,8,0,-61 Q,..., 
2015,08/07 0600,08/07 1600,08/08 1400,...,...,...,...,...,...,2,10,510,560,9,0,-25 Q,..., 
2015,09/13 0700,09/13 0700,09/13 1800,...,...,...,...,...,...,3,10,460,480,5,0,-38 Q,..., 
2015,09/20 0600,09/21 0800,09/22 0100,...,...,...,...,...,...,2,120,510,600,5,0,-75 Q,850,09/18 0500
